"produto";"compradores";"fat";"eram_lead";"pct_lead";"fat_lead";"mediana_dias";"depois_30d";"ate30";"d30_180";"d180_365";"mais_1ano"
"TM - Full - EsPCEx";"2836";"3278512,47999994";"921";"0,32475317348378";"1012715,79000001";"36";"0,550488599348534";"414";"350";"77";"80"
"TM - Full - ESA";"1353";"1134516,43";"158";"0,116777531411678";"125156,21";"111";"0,683544303797468";"50";"40";"27";"41"
"TM - Full - Barro Branco - APMBB";"1216";"2152465,70999999";"413";"0,339638157894737";"680292,640000001";"36";"0,556900726392252";"183";"123";"36";"71"
"TM - Edition - Matemática";"926";"250892,259999999";"125";"0,134989200863931";"31532,18";"118";"0,72";"35";"39";"19";"32"
"TM - Full - EFOMM";"717";"662997,520000003";"68";"0,0948396094839609";"60473,19";"122";"0,720588235294118";"19";"20";"9";"20"
"TM - Edition - Química";"550";"116685,199999999";"83";"0,150909090909091";"16021,46";"162";"0,867469879518072";"11";"34";"13";"25"
"TM - Full - EEAr";"372";"302542,69";"43";"0,115591397849462";"36124,15";"138";"0,790697674418605";"9";"17";"8";"9"
"TM - Full - AFA";"365";"316243,79";"47";"0,128767123287671";"38763,52";"94";"0,765957446808511";"11";"23";"5";"8"
"TM - Edition - Física";"356";"75394,65";"46";"0,129213483146067";"9461,31";"91";"0,804347826086957";"9";"25";"6";"6"
"TM FULL TRÍPLICE - AFA/EFOMM/EN";"311";"338698,32";"47";"0,15112540192926";"52613,72";"99";"0,702127659574468";"14";"16";"13";"4"
"TM - Full - Sargentos";"267";"236898,53";"31";"0,116104868913858";"25142,05";"109";"0,741935483870968";"8";"10";"5";"8"
"TM - Edition - Português ";"227";"47664,86";"37";"0,162995594713656";"6845,38";"186";"0,810810810810811";"7";"10";"8";"12"
"TM - Full - EPCAr";"226";"157390,85";"14";"0,0619469026548673";"9759,59";"28";"0,428571428571429";"8";"2";"1";"3"
"TM - Full - CBMERJ";"208";"257218,63";"22";"0,105769230769231";"27218,18";"303";"0,909090909090909";"2";"5";"7";"8"
"TM - Combo - Exatas II (Matemática e Física)";"201";"87560,0199999999";"14";"0,0696517412935323";"5470,41";"123";"0,928571428571429";"1";"8";"2";"3"
"TM - Full - Escola Naval";"186";"178341,57";"23";"0,123655913978495";"19976,77";"95";"0,695652173913043";"7";"11";"2";"3"
"TM - Combo - Exatas I (Matemática, Física e Química)";"180";"102631,8";"28";"0,155555555555556";"15937,86";"133";"0,785714285714286";"6";"10";"6";"6"
"Respeita a Geografia - EsPCEx ";"172";"47273,9900000001";"32";"0,186046511627907";"8237,44";"226";"0,8125";"6";"8";"9";"9"
"Desafio da Matemática Básica";"132";"2626,80000000001";"27";"0,204545454545455";"537,3";"105";"0,592592592592593";"11";"6";"3";"7"
"TM FULL - Colégio Naval";"108";"125352,08";"8";"0,0740740740740741";"9787,52";"101";"0,75";"2";"3";"3";"0"
" TM - Combo - Essencial";"95";"36235,27";"12";"0,126315789473684";"3928,38";"127";"0,833333333333333";"2";"6";"1";"3"
"TM - Edition - Inglês";"89";"17812,22";"17";"0,191011235955056";"3471,12";"194";"0,882352941176471";"2";"6";"4";"5"
"TM - Projeto de Vida Real";"67";"22436,63";"47";"0,701492537313433";"15346,88";"53";"0,617021276595745";"18";"15";"14";"0"
"TM - Combo - Humanas EsPCEx";"60";"24930,78";"14";"0,233333333333333";"5922,48";"360";"1";"0";"4";"4";"6"
"Respeita a Geografia - ESA";"55";"10321,91";"8";"0,145454545454545";"1565,52";"346";"0,75";"2";"2";"1";"3"
"TM - Combo - Línguas ";"53";"19083,25";"3";"0,0566037735849057";"954,44";"192";"0,666666666666667";"1";"1";"1";"0"
"TM - Full - Soldado";"36";"38869,43";"3";"0,0833333333333333";"3172,74";"594";"1";"0";"1";"1";"1"
"TM - Edition - História EsPCEx ";"32";"6575,82";"7";"0,21875";"1583,61";"143";"0,714285714285714";"2";"3";"1";"1"
"TM - Full - Vestibulares";"30";"59042,39";"5";"0,166666666666667";"9684,92";"197";"1";"0";"2";"1";"2"
"Método de Estudo Livre - Prof. Cesar Annunciato - Teorema Militar";"16";"1578,23";"2";"0,125";"292,82";"15";"0";"2";"0";"0";"0"
"TM - Edition - História ESA";"15";"2929,04";"2";"0,133333333333333";"542,76";"561";"0,5";"1";"0";"0";"1"
"TM - Combo - Humanas ESA ";"14";"5355,08";"0";"0";;"";"";"0";"0";"0";"0"
"TM - Edition - Biologia";"14";"3180,68";"4";"0,285714285714286";"996";"861";"0,75";"1";"1";"0";"2"
"TM - Edition - Química APMBB";"10";"1983,97";"3";"0,3";"485,8";"886";"0,333333333333333";"2";"0";"0";"1"
"TM - Full - CFO Paraná";"10";"11404,14";"0";"0";;"";"";"0";"0";"0";"0"
"TMx";"7";"805,61";"1";"0,142857142857143";"98,5";"59";"1";"0";"1";"0";"0"
"Imersão Estudo Livre";"6";"640,24";"0";"0";;"";"";"0";"0";"0";"0"
"TM - Edition - Informática";"6";"1364,64";"2";"0,333333333333333";"449,82";"822";"1";"0";"0";"0";"2"
"Matemática Básica: 3 meses em 3 dias";"5";"20";"0";"0";;"";"";"0";"0";"0";"0"
"TM - Cálculo e geometria no R3 - Escola Naval/EFOMM";"3";"577,88";"2";"0,666666666666667";"447,94";"135";"0,5";"1";"1";"0";"0"
"Workshop - Foco e Disciplina - Prof. Cesar Annunciato";"2";"95,8";"1";"0,5";"47,9";"58";"1";"0";"1";"0";"0"
"Camiseta TM Tradicional";"1";"98,45";"1";"1";"98,45";"252";"1";"0";"0";"1";"0"
"TM ESPCEX LITE";"1";"259,8";"0";"0";;"";"";"0";"0";"0";"0"
"TMx ";"1";"719,6";"0";"0";;"";"";"0";"0";"0";"0"
