"id","contato","valor"
"229800","69379","direct/?utm_source=ig"
"230380","69536","direct/?utm_source=youtube"
"230577","69606","direct/?utm_source=ig"
"236981","71474","direct/?utm_source=ig"
"240168","72419","direct/?utm_source=ig"
"240188","72427","direct/?utm_source=ig"
"241359","72774","direct/?utm_source=youtube"
"243209","73335","direct/?utm_source=ig"
"244748","73777","direct/?utm_source=ig"
"245356","73941","direct/?utm_source=youtube"
"246140","74183","direct/?utm_source=ig"
"364786","75413","direct/?utm_source=youtube"
"250375","75454","direct/?utm_source=ig"
"257754","77714","direct/?utm_source=ig"
"259012","78082","direct/?utm_source=ig"
"259699","78293","direct/?utm_source=ig"
"264013","79539","direct/?utm_source=ig"
"266053","80156","direct/?utm_source=ig"
"368265","80196","direct/?utm_source=ig"
"268197","80783","direct/?utm_source=youtube"
"271129","81665","direct/?utm_source=ig"
"273468","82376","direct/?utm_source=youtube"
"365482","82662","direct/?utm_source=ig"
"278581","83913","direct/?utm_source=ig"
"288421","86904","direct/?utm_source=ig"
"289747","87298","direct/?utm_source=ig"
"291970","87959","direct/?utm_source=ig"
"292149","88007","direct/?utm_source=ig"
"294075","88576","direct/?utm_source=ig"
"367946","89861","direct/?utm_source=ig"
"299467","90147","direct/?utm_source=youtube"
"300352","90409","direct/?utm_source=ig"
"304359","91625","direct/?utm_source=ig"
"309414","92914","direct/?utm_source=ig"
"313427","93475","direct/?utm_source=youtube"
"325970","94844","direct/?utm_source=ig"
"330708","95457","direct/?utm_source=ig"
"345369","97381","direct/?utm_source=ig"
"346675","97553","direct/?utm_source=ig"
"346740","97562","direct/?utm_source=youtube"
"348298","97777","direct/?utm_source=ig"
"352755","98391","direct/?utm_source=ig"
"352892","98410","direct/?utm_source=ig"
"353019","98427","direct/?utm_source=ig"
"353461","98485","direct/?utm_source=ig"
"353574","98498","direct/?utm_source=youtube"
"353647","98508","direct/?utm_source=youtube"
"354161","98575","direct/?utm_source=youtube"
"354209","98581","direct/?utm_source=ig"
"354259","98588","direct/?utm_source=youtube"
"354651","98642","direct/?utm_source=ig"
"354908","98677","direct/?utm_source=youtube"
"355737","98788","direct/?utm_source=ig"
"356619","98904","direct/?utm_source=ig"
"357827","99071","direct/?utm_source=youtube"
"357848","99074","direct/?utm_source=ig"
"358712","99192","direct/?utm_source=ig"
"359079","99244","direct/?utm_source=ig"
"359150","99254","direct/?utm_source=ig"
"361003","99509","direct/?utm_source=ig"
"364761","100027","direct/?utm_source=ig"
"364768","100028","direct/?utm_source=ig"
"364779","100029","direct/?utm_source=youtube"
"364805","100031","direct/?utm_source=youtube"
"364819","100033","direct/?utm_source=youtube"
"364829","100034","direct/?utm_source=ig"
"364836","100035","direct/?utm_source=youtube"
"364843","100036","direct/?utm_source=youtube"
"364850","100037","direct/?utm_source=ig"
"364861","100038","direct/?utm_source=ig"
"364875","100040","direct/?utm_source=ig"
"364882","100041","direct/?utm_source=ig"
"364889","100042","direct/?utm_source=ig"
"364896","100043","direct/?utm_source=ig"
"364903","100044","direct/?utm_source=ig"
"364910","100045","direct/?utm_source=ig"
"364989","100052","direct/?utm_source=ig"
"364997","100053","direct/?utm_source=youtube"
"365010","100054","direct/?utm_source=youtube"
"365019","100055","direct/?utm_source=youtube"
"365054","100059","direct/?utm_source=ig"
"365061","100060","direct/?utm_source=ig"
"365068","100061","direct/?utm_source=ig"
"365082","100063","direct/?utm_source=youtube"
"365094","100064","direct/?utm_source=ig"
"365125","100068","direct/?utm_source=youtube"
"365182","100075","direct/?utm_source=ig"
"365211","100079","direct/?utm_source=youtube"
"365237","100082","direct/?utm_source=youtube"
"365246","100083","direct/?utm_source=ig"
"365253","100084","direct/?utm_source=ig"
"365260","100085","direct/?utm_source=ig"
"365267","100086","direct/?utm_source=ig"
"365274","100087","direct/?utm_source=ig"
"365281","100088","direct/?utm_source=youtube"
"365299","100090","direct/?utm_source=ig"
"365320","100093","direct/?utm_source=ig"
"365358","100098","direct/?utm_source=youtube"
"365365","100099","direct/?utm_source=ig"
"365379","100101","direct/?utm_source=ig"
"365386","100102","direct/?utm_source=youtube"
"365408","100105","direct/?utm_source=ig"
"365422","100107","direct/?utm_source=ig"
"365446","100110","direct/?utm_source=ig"
"365496","100116","direct/?utm_source=youtube"
"365521","100118","direct/?utm_source=ig"
"365558","100123","direct/?utm_source=youtube"
"365569","100124","direct/?utm_source=ig"
"365579","100125","direct/?utm_source=ig"
"365601","100128","direct/?utm_source=ig"
"365652","100135","direct/?utm_source=youtube"
"365703","100142","direct/?utm_source=ig"
"365804","100156","direct/?utm_source=ig"
"365811","100157","direct/?utm_source=youtube"
"365825","100159","direct/?utm_source=ig"
"365846","100162","direct/?utm_source=ig"
"365867","100165","direct/?utm_source=ig"
"365909","100171","direct/?utm_source=ig"
"365954","100177","direct/?utm_source=youtube"
"366119","100199","direct/?utm_source=ig"
"366272","100220","direct/?utm_source=ig"
"366388","100236","direct/?utm_source=ig"
"366466","100247","direct/?utm_source=ig"
"366585","100264","direct/?utm_source=ig"
"366662","100274","direct/?utm_source=ig"
"366839","100299","direct/?utm_source=ig"
"366931","100311","direct/?utm_source=ig"
"367049","100326","direct/?utm_source=ig"
"367082","100330","direct/?utm_source=ig"
"367124","100336","direct/?utm_source=ig"
"367402","100375","direct/?utm_source=ig"
"367409","100376","direct/?utm_source=ig"
"367821","100433","direct/?utm_source=ig"
"367851","100437","direct/?utm_source=ig"
"367887","100442","direct/?utm_source=youtube"
"367911","100445","direct/?utm_source=ig"
"368062","100465","direct/?utm_source=youtube"
"368076","100467","direct/?utm_source=ig"
"368228","100488","direct/?utm_source=ig"
"365623","100131","direct/?utm_source=ig"
